{
    "from_number": {
      "display_name": "Phone Number",
      "description": "Please enter your Twilio Phone Number with country code (Eg.+13345395652)",
      "type": "text",
      "required": true
    },
    "account_sid": {
      "display_name": "Account SID",
      "description": "Please enter your Twilio Account SID",
      "type": "text",
      "required": true
        },
    "auth_token": {
      "display_name": "Auth Token",
      "description": "Please enter your Twilio Auth Token",
      "type": "text",
      "required": true
    },
    "agent_api_key": {
        "display_name": "Agent Api Key",
        "description": "Please enter your Freshservice Agent API Key",
        "type": "text",
        "required": true
      },
      "messaging_service_name": {
        "display_name": "Messaging Service Name",
        "description": "Please enter your Twilio Messaging Service Name (You Can Enter Any Name)",
        "type": "text",
        "required": true
      },
      "domain": {
        "display_name": "Domain",
        "description": "Please enter your Full Domain Name (eg: subdomain.freshservice.com) don't include https",
        "type": "text",
        "required": true
      }
}
